FAT_YEARMONTH,FAT_DAY,FAT_TIME,FATALITY_ID,EVENT_ID,FATALITY_TYPE,FATALITY_DATE,FATALITY_AGE,FATALITY_SEX,FATALITY_LOCATION,EVENT_YEARMONTH
201401,21,0,21920,505472,"D","01/21/2014 00:00:00",60,"M","Unknown",999999
201401,23,0,21919,505473,"D","01/23/2014 00:00:00",39,"M","Permanent Home",999999
201401,24,0,21918,505474,"D","01/24/2014 00:00:00",60,"M","Unknown",999999
201402,3,0,21913,505476,"D","02/03/2014 00:00:00",79,"M","Unknown",999999
201402,4,0,21911,505476,"D","02/04/2014 00:00:00",73,"M","Permanent Home",999999
201402,4,0,21912,505476,"D","02/04/2014 00:00:00",96,"F","Permanent Home",999999
201402,16,0,21916,505478,"D","02/16/2014 00:00:00",80,"M","Unknown",999999
201402,27,0,21917,505479,"D","02/27/2014 00:00:00",64,"F","Permanent Home",999999
201404,23,0,22742,505635,"I","05/23/2014 00:00:00",94,"F","Mobile/Trailer Home",999999
201403,22,0,22580,505782,"D","03/22/2014 00:00:00",45,"F","Unknown",999999
201403,22,0,22581,505782,"D","03/22/2014 00:00:00",55,"M","Unknown",999999
201403,22,0,22582,505782,"D","03/22/2014 00:00:00",69,"F","Unknown",999999
201403,22,0,22583,505782,"D","03/22/2014 00:00:00",5,"F","Unknown",999999
201403,22,0,22584,505782,"D","03/22/2014 00:00:00",66,"M","Unknown",999999
201403,22,0,22585,505782,"D","03/22/2014 00:00:00",41,"M","Unknown",999999
201403,22,0,22586,505782,"D","03/22/2014 00:00:00",71,"M","Unknown",999999
201403,22,0,22587,505782,"D","03/22/2014 00:00:00",46,"F","Unknown",999999
201403,22,0,22588,505782,"D","03/22/2014 00:00:00",47,"M","Unknown",999999
201403,22,0,22589,505782,"D","03/22/2014 00:00:00",49,"M","Unknown",999999
201403,22,0,22590,505782,"D","03/22/2014 00:00:00",21,"M","Unknown",999999
201403,22,0,22591,505782,"D","03/22/2014 00:00:00",59,"F","Unknown",999999
201403,22,0,22592,505782,"D","03/22/2014 00:00:00",6,"M","Unknown",999999
201403,22,0,22593,505782,"D","03/22/2014 00:00:00",55,"F","Unknown",999999
201403,22,0,22594,505782,"D","03/22/2014 00:00:00",31,"F","Unknown",999999
201403,22,0,22595,505782,"D","03/22/2014 00:00:00",64,"F","Unknown",999999
201403,22,0,22596,505782,"D","03/22/2014 00:00:00",0,"F","Unknown",999999
201403,22,0,22597,505782,"D","03/22/2014 00:00:00",63,"M","Unknown",999999
201403,22,0,22598,505782,"D","03/22/2014 00:00:00",58,"F","Unknown",999999
201403,22,0,22599,505782,"D","03/22/2014 00:00:00",65,"M","Unknown",999999
201403,22,0,22600,505782,"D","03/22/2014 00:00:00",60,"M","Unknown",999999
201403,22,0,22601,505782,"D","03/22/2014 00:00:00",23,"M","Unknown",999999
201403,22,0,22602,505782,"D","03/22/2014 00:00:00",65,"M","Unknown",999999
201403,22,0,22603,505782,"D","03/22/2014 00:00:00",19,"F","Unknown",999999
201403,22,0,22604,505782,"D","03/22/2014 00:00:00",34,"F","Unknown",999999
201403,22,0,22605,505782,"D","03/22/2014 00:00:00",13,"M","Unknown",999999
201403,22,0,22606,505782,"D","03/22/2014 00:00:00",67,"F","Unknown",999999
201403,22,0,22607,505782,"D","03/22/2014 00:00:00",75,"M","Unknown",999999
201403,22,0,22608,505782,"D","03/22/2014 00:00:00",61,"F","Unknown",999999
201403,22,0,22609,505782,"D","03/22/2014 00:00:00",30,"M","Unknown",999999
201403,22,0,22610,505782,"D","03/22/2014 00:00:00",2,"F","Unknown",999999
201403,22,0,22611,505782,"D","03/22/2014 00:00:00",58,"M","Unknown",999999
201403,22,0,22612,505782,"D","03/22/2014 00:00:00",74,"M","Unknown",999999
201403,22,0,22613,505782,"D","03/22/2014 00:00:00",91,"F","Unknown",999999
201403,22,0,22614,505782,"D","03/22/2014 00:00:00",55,"M","Unknown",999999
201403,22,0,22615,505782,"D","03/22/2014 00:00:00",14,"M","Unknown",999999
201403,22,0,22616,505782,"D","03/22/2014 00:00:00",52,"M","Unknown",999999
201403,22,0,22617,505782,"D","03/22/2014 00:00:00",64,"F","Unknown",999999
201403,22,0,22618,505782,"D","03/22/2014 00:00:00",4,"M","Unknown",999999
201403,22,0,22619,505782,"D","03/22/2014 00:00:00",52,"M","Unknown",999999
201403,22,0,22620,505782,"D","03/22/2014 00:00:00",53,"F","Unknown",999999
201403,22,0,22621,505782,"D","03/22/2014 00:00:00",44,"F","Unknown",999999
201403,22,0,22622,505782,"D","03/22/2014 00:00:00",53,"M","Permanent Home",999999
201403,12,0,21927,505992,"D","03/12/2014 00:00:00",55,"M","Outside/Open Areas",999999
201403,12,0,21929,506142,"D","03/12/2014 00:00:00",25,"M","Vehicle/Towed Trailer",999999
201405,14,0,22021,506440,"D","05/14/2014 00:00:00",40,"M","Outside/Open Areas",999999
201405,9,0,22019,506803,"D","05/09/2014 00:00:00",60,"M","Under Tree",999999
201405,14,0,22020,506947,"D","05/14/2014 00:00:00",71,"M","Outside/Open Areas",999999
201401,14,0,22108,507051,"D","01/14/2014 00:00:00",54,"F","Outside/Open Areas",999999
201403,26,0,22145,507055,"I","03/26/2014 00:00:00",43,"M","Permanent Structure",999999
201403,26,0,22146,507055,"I","03/26/2014 00:00:00",33,"M","Permanent Structure",999999
201404,6,0,22772,507096,"D","04/06/2014 00:00:00",9,"F","Outside/Open Areas",999999
201403,10,0,22238,507341,"D","03/10/2014 00:00:00",27,"M","Outside/Open Areas",999999
201403,2,0,22665,507405,"I","03/02/2014 00:00:00",35,"F","Vehicle/Towed Trailer",999999
201403,30,0,22239,507521,"D","03/30/2014 00:00:00",28,"M","Outside/Open Areas",999999
201404,28,0,22908,508158,"D","04/28/2014 00:00:00",53,"F","Business",999999
201404,28,0,22906,508158,"D","04/28/2014 00:00:00",60,"M","Permanent Home",999999
201404,28,0,22907,508158,"D","04/28/2014 00:00:00",38,"M","Permanent Home",999999
201404,28,0,22909,508158,"D","04/28/2014 00:00:00",61,"M","Permanent Home",999999
201404,28,0,22910,508158,"D","04/28/2014 00:00:00",64,"F","Permanent Home",999999
201404,28,0,22911,508158,"D","04/28/2014 00:00:00",31,"F","Permanent Home",999999
201404,28,0,22912,508158,"D","04/28/2014 00:00:00",44,"M","Permanent Home",999999
201404,28,0,22913,508158,"D","04/28/2014 00:00:00",8,"M","Permanent Home",999999
201404,28,0,22914,508158,"D","04/28/2014 00:00:00",85,"F","Permanent Home",999999
201404,28,0,22915,508158,"D","04/28/2014 00:00:00",55,"F","Permanent Home",999999
201403,1,0,22623,508174,"I","03/01/2014 00:00:00",52,"F","Vehicle/Towed Trailer",999999
201403,29,0,22626,508342,"D","03/29/2014 00:00:00",,"M","In Water",999999
201403,29,0,22627,508342,"D","03/29/2014 00:00:00",,"M","In Water",999999
201403,30,0,22624,508343,"D","03/30/2014 00:00:00",,"F","In Water",999999
201404,28,0,22916,508388,"D","04/28/2014 00:00:00",49,"F","Vehicle/Towed Trailer",999999
201403,13,0,22629,508619,"D","03/13/2014 00:00:00",74,"M","Permanent Home",999999
201403,1,0,22628,508725,"I","03/01/2014 00:00:00",1,"F","Vehicle/Towed Trailer",999999
201406,24,0,22927,529772,"D","06/24/2014 00:00:00",34,"M","Vehicle/Towed Trailer",999999
201406,24,0,22928,529772,"D","06/24/2014 00:00:00",28,"F","Vehicle/Towed Trailer",999999
201405,31,0,22929,530105,"D","05/31/2014 00:00:00",24,"M","In Water",999999
201407,11,0,23026,530566,"D","07/11/2014 00:00:00",48,"F","Under Tree",999999
201406,17,0,22930,530675,"D","06/17/2014 00:00:00",24,"F","Vehicle/Towed Trailer",999999
201406,18,0,22933,530799,"I","06/18/2014 00:00:00",46,"M","Outside/Open Areas",999999
201405,22,0,22937,530894,"D","05/22/2014 00:00:00",44,"M","Vehicle/Towed Trailer",999999
201406,30,0,22940,531423,"D","06/30/2014 00:00:00",63,"M","Outside/Open Areas",999999
201406,2,0,23038,531457,"D","06/02/2014 00:00:00",18,"M","In Water",999999
201406,13,0,22943,531458,"D","06/13/2014 00:00:00",17,"M","In Water",999999
201407,11,0,22945,531645,"D","07/11/2014 00:00:00",42,"F","Outside/Open Areas",999999
201407,12,0,22946,531646,"D","07/12/2014 00:00:00",52,"M","Outside/Open Areas",999999
201407,22,0,22948,531795,"D","07/22/2014 00:00:00",10,"F","In Water",999999
201407,1,0,22984,532334,"D","07/01/2014 00:00:00",16,"M","Under Tree",999999
201407,11,0,22957,532943,"D","07/11/2014 00:00:00",,"M","Outside/Open Areas",999999
201408,31,0,22958,533053,"D","08/31/2014 00:00:00",8,"M","Outside/Open Areas",999999
201408,30,0,23057,533128,"D","08/30/2014 00:00:00",64,"M","Vehicle/Towed Trailer",999999
201408,23,0,22961,533814,"I","08/23/2014 00:00:00",37,"M","Vehicle/Towed Trailer",999999
201407,11,0,22962,534103,"D","07/11/2014 00:00:00",23,"F","Outside/Open Areas",999999
201407,6,0,22963,535039,"D","07/06/2014 00:00:00",32,"M","In Water",999999
201407,19,0,22997,535650,"D","07/19/2014 00:00:00",11,"M","In Water",999999
201407,3,0,22966,536160,"D","07/03/2014 00:00:00",78,"F","Permanent Home",999999
201407,3,0,22967,536160,"D","07/03/2014 00:00:00",80,"M","Permanent Home",999999
201407,1,0,22965,536160,"D","07/01/2014 00:00:00",68,"F","Vehicle/Towed Trailer",999999
201407,3,0,22968,536162,"D","07/03/2014 00:00:00",50,"M","Outside/Open Areas",999999
201407,6,0,22969,536176,"I","07/06/2014 00:00:00",80,"F","Vehicle/Towed Trailer",999999
201407,5,0,22970,536277,"D","07/05/2014 00:00:00",76,"M","Permanent Home",999999
201407,9,0,22971,536278,"D","07/09/2014 00:00:00",91,"F","Permanent Home",999999
201407,4,0,22973,536282,"D","07/04/2014 00:00:00",14,"M","In Water",999999
201407,4,0,22975,536284,"D","07/04/2014 00:00:00",45,"M","In Water",999999
201407,27,0,22977,536423,"D","07/27/2014 00:00:00",20,"M","In Water",999999
201408,18,0,23018,536655,"I","08/18/2014 00:00:00",57,"F","Vehicle/Towed Trailer",999999
201408,18,0,23019,536655,"I","08/18/2014 00:00:00",34,"M","Vehicle/Towed Trailer",999999
201408,18,0,23020,536655,"I","08/18/2014 00:00:00",14,"M","Vehicle/Towed Trailer",999999
201407,8,0,22981,536666,"D","07/08/2014 00:00:00",,"M","Camping",999999
201407,17,0,22982,536764,"D","07/17/2014 00:00:00",54,"M","Permanent Structure",999999
201407,22,0,22983,536766,"D","07/22/2014 00:00:00",65,"M","Outside/Open Areas",999999
201407,24,0,23043,537158,"D","07/24/2014 00:00:00",38,"M","Camping",999999
201407,24,0,23044,537158,"D","07/24/2014 00:00:00",13,"M","Camping",999999
201407,24,0,23045,537158,"D","07/24/2014 00:00:00",38,"F","Camping",999999
201409,22,0,22987,537287,"D","09/22/2014 00:00:00",58,"M","In Water",999999
201407,30,0,23002,537358,"I","07/30/2014 00:00:00",25,"M","Outside/Open Areas",999999
201407,30,0,22995,537869,"D","07/30/2014 00:00:00",17,"M","Outside/Open Areas",999999
201408,5,0,22996,537888,"D","08/05/2014 00:00:00",20,"M","In Water",999999
201409,28,0,25240,538239,"D","09/28/2014 00:00:00",57,"F","In Water",999999
201407,1,0,23008,538290,"D","07/01/2014 00:00:00",64,"M","Permanent Home",999999
201407,1,0,23009,538293,"D","07/01/2014 00:00:00",14,"M","Mobile/Trailer Home",999999
201405,16,0,23010,538384,"D","05/16/2014 00:00:00",23,"M","In Water",999999
201410,4,0,23011,538806,"D","10/04/2014 00:00:00",55,"M","In Water",999999
201408,2,0,23012,538835,"D","08/02/2014 00:00:00",58,"M","Vehicle/Towed Trailer",999999
201408,10,0,23013,538836,"D","08/10/2014 00:00:00",74,"M","Permanent Home",999999
201408,18,0,23014,538837,"D","08/18/2014 00:00:00",65,"M","Permanent Structure",999999
201410,2,0,23015,539073,"D","10/02/2014 00:00:00",28,"M","Permanent Home",999999
201408,9,0,23016,539328,"D","08/09/2014 00:00:00",59,"F","In Water",999999
201408,27,0,23017,539329,"D","08/27/2014 00:00:00",17,"M","In Water",999999
201408,14,0,23034,539420,"D","08/14/2014 00:00:00",27,"M","School",999999
201408,4,0,23022,539814,"D","08/04/2014 00:00:00",19,"M","In Water",999999
201408,12,0,23023,539815,"D","08/12/2014 00:00:00",35,"M","In Water",999999
201408,3,0,23031,539888,"D","08/03/2014 00:00:00",27,"M","Under Tree",999999
201408,6,0,23032,539888,"D","08/06/2014 00:00:00",31,"M","Under Tree",999999
201409,18,0,23028,540008,"D","09/18/2014 00:00:00",39,"M","In Water",999999
201408,25,0,23029,540131,"D","08/25/2014 00:00:00",55,"M","Outside/Open Areas",999999
201408,6,0,23073,540247,"D","08/06/2014 00:00:00",58,"M","In Water",999999
201408,25,0,23035,541035,"I","08/25/2014 00:00:00",49,"M","Under Tree",999999
201408,1,0,23036,541097,"I","09/01/2014 00:00:00",2,"F","Vehicle/Towed Trailer",999999
201408,26,0,23088,541109,"D","08/26/2014 00:00:00",18,"M","In Water",999999
201404,8,0,23040,541110,"D","04/08/2014 00:00:00",62,"M","In Water",999999
201410,7,0,23047,541261,"I","10/07/2014 00:00:00",62,"M","Other",999999
201410,28,0,23055,541429,"D","10/28/2014 00:00:00",33,"M","Under Tree",999999
201404,19,0,23063,541842,"D","04/19/2014 00:00:00",51,"M","In Water",999999
201410,31,0,23062,542059,"D","10/31/2014 00:00:00",64,"M","Outside/Open Areas",999999
201408,10,0,23066,542350,"D","08/10/2014 00:00:00",43,"F","In Water",999999
201411,9,0,23067,542770,"I","11/09/2014 00:00:00",,"","Vehicle/Towed Trailer",999999
201411,13,0,23070,542780,"I","11/13/2014 00:00:00",48,"F","Vehicle/Towed Trailer",999999
201409,16,0,23068,542862,"D","09/16/2014 00:00:00",66,"M","Vehicle/Towed Trailer",999999
201409,22,0,23072,542913,"D","09/22/2014 00:00:00",64,"F","Vehicle/Towed Trailer",999999
201409,6,0,23074,543061,"D","09/06/2014 00:00:00",61,"F","Outside/Open Areas",999999
201409,13,0,23075,543061,"D","09/13/2014 00:00:00",69,"F","Outside/Open Areas",999999
201409,8,0,23076,543154,"D","09/08/2014 00:00:00",53,"F","Vehicle/Towed Trailer",999999
201410,13,0,23078,543173,"D","10/13/2014 00:00:00",33,"M","Mobile/Trailer Home",999999
201409,8,0,23093,543205,"D","09/08/2014 00:00:00",76,"F","In Water",999999
201410,12,0,23080,543237,"D","10/12/2014 00:00:00",61,"M","In Water",999999
201410,12,0,23081,543238,"D","10/12/2014 00:00:00",68,"F","In Water",999999
201410,26,0,23082,543239,"D","10/26/2014 00:00:00",18,"M","In Water",999999
201411,11,0,23083,543240,"D","11/11/2014 00:00:00",24,"M","In Water",999999
201411,1,0,23084,543249,"D","11/01/2014 00:00:00",79,"F","In Water",999999
201411,1,0,23085,543249,"D","11/01/2014 00:00:00",86,"M","In Water",999999
201411,1,0,23086,543249,"D","11/01/2014 00:00:00",60,"M","In Water",999999
201411,1,0,23087,543249,"D","11/01/2014 00:00:00",56,"F","In Water",999999
201409,17,0,23089,543319,"D","09/17/2014 00:00:00",52,"M","In Water",999999
201409,17,0,23090,543320,"D","09/17/2014 00:00:00",49,"M","In Water",999999
201409,5,0,23091,543419,"D","09/05/2014 00:00:00",46,"F","Under Tree",999999
201410,6,0,24179,543633,"D","10/06/2014 00:00:00",,"M","Unknown",999999
201409,18,0,23100,543807,"D","09/18/2014 00:00:00",35,"F","Vehicle/Towed Trailer",999999
201411,16,0,23097,543927,"I","11/16/2014 00:00:00",,"M","Vehicle/Towed Trailer",999999
201411,16,0,23095,543932,"I","11/16/2014 00:00:00",23,"M","Vehicle/Towed Trailer",999999
201411,16,0,23096,543932,"I","11/16/2014 00:00:00",27,"M","Vehicle/Towed Trailer",999999
201409,1,0,23098,544123,"D","09/01/2014 00:00:00",65,"M","In Water",999999
201409,26,0,23101,544313,"D","09/26/2014 00:00:00",26,"M","In Water",999999
201409,27,0,23104,544470,"D","09/27/2014 00:00:00",34,"M","Outside/Open Areas",999999
201410,25,0,23122,544471,"D","10/25/2014 00:00:00",46,"M","In Water",999999
201410,22,0,24127,544540,"D","10/22/2014 00:00:00",0,"F","Vehicle/Towed Trailer",999999
201412,4,0,25245,544667,"D","12/04/2014 00:00:00",17,"M","Vehicle/Towed Trailer",999999
201412,6,0,23116,544779,"I","12/06/2014 00:00:00",46,"F","Unknown",999999
201412,6,0,23117,544779,"I","12/06/2014 00:00:00",48,"M","Unknown",999999
201412,6,0,23118,544779,"I","12/06/2014 00:00:00",50,"M","Unknown",999999
201412,6,0,23119,544779,"I","12/06/2014 00:00:00",15,"M","Unknown",999999
201412,6,0,23120,544779,"I","12/06/2014 00:00:00",14,"M","Unknown",999999
201410,25,0,23123,544871,"D","10/25/2014 00:00:00",46,"M","In Water",999999
201412,10,0,24121,545118,"D","12/10/2014 00:00:00",40,"M","Under Tree",999999
201412,8,0,27274,545210,"I","12/08/2014 00:00:00",,"M","Unknown",999999
201410,10,0,24124,545231,"D","10/10/2014 00:00:00",,"M","Boating",999999
201410,13,0,24128,545622,"D","10/13/2014 00:00:00",,"","Mobile/Trailer Home",999999
201401,18,0,24129,545749,"D","01/18/2014 00:00:00",,"M","Outside/Open Areas",999999
201405,14,0,24130,545752,"D","05/14/2014 00:00:00",,"","Outside/Open Areas",999999
201411,22,0,24133,545870,"I","11/22/2014 00:00:00",64,"M","Vehicle/Towed Trailer",999999
201411,22,0,24134,545870,"I","11/22/2014 00:00:00",59,"F","Vehicle/Towed Trailer",999999
201403,6,0,22630,508938,"D","03/06/2014 00:00:00",74,"F","In Water",999999
201403,29,0,22659,508989,"I","03/29/2014 00:00:00",,"M","Vehicle/Towed Trailer",999999
201403,7,0,22658,509004,"D","03/07/2014 00:00:00",39,"M","Outside/Open Areas",999999
201405,11,0,22660,509182,"I","05/11/2014 00:00:00",,"","Unknown",999999
201403,16,0,22661,509257,"D","03/16/2014 00:00:00",19,"M","In Water",999999
201404,19,0,22662,509650,"I","04/19/2014 00:00:00",50,"F","Outside/Open Areas",999999
201405,27,0,22664,509934,"I","05/27/2014 00:00:00",49,"M","Vehicle/Towed Trailer",999999
201404,15,0,22743,512188,"D","04/15/2014 00:00:00",74,"M","Other",999999
201406,13,0,22947,512340,"D","06/13/2014 00:00:00",71,"M","Outside/Open Areas",999999
201405,28,0,23006,512399,"D","05/28/2014 00:00:00",56,"M","Other",999999
201404,25,0,22680,512792,"D","04/25/2014 00:00:00",0,"M","Permanent Home",999999
201403,11,0,22692,512841,"I","03/11/2014 00:00:00",18,"M","Outside/Open Areas",999999
201406,18,0,27375,513210,"I","06/18/2014 00:00:00",61,"M","Other",999999
201406,18,0,27376,513210,"I","06/18/2014 00:00:00",35,"M","Other",999999
201406,18,0,27377,513210,"I","06/18/2014 00:00:00",51,"M","Other",999999
201404,16,0,22744,513713,"I","04/16/2014 00:00:00",84,"M","Vehicle/Towed Trailer",999999
201404,25,0,22745,513942,"D","04/25/2014 00:00:00",19,"M","In Water",999999
201404,26,0,22747,513945,"D","04/26/2014 00:00:00",60,"","In Water",999999
201406,17,0,22931,513992,"D","06/17/2014 00:00:00",,"M","Outside/Open Areas",999999
201406,16,0,22952,514014,"D","06/16/2014 00:00:00",5,"F","Mobile/Trailer Home",999999
201406,16,0,22953,514042,"D","06/16/2014 00:00:00",74,"M","Vehicle/Towed Trailer",999999
201404,8,0,22756,514129,"D","04/08/2014 00:00:00",56,"M","Mobile/Trailer Home",999999
201406,20,0,22926,514443,"D","06/20/2014 00:00:00",29,"M","Outside/Open Areas",999999
201406,6,0,22870,515013,"D","06/06/2014 00:00:00",59,"M","Boating",999999
201404,28,0,22825,515209,"I","04/28/2014 00:00:00",39,"F","Vehicle/Towed Trailer",999999
201406,16,0,22769,515287,"I","06/16/2014 00:00:00",59,"M","Vehicle/Towed Trailer",999999
201406,13,0,22768,515407,"D","06/13/2014 00:00:00",20,"M","In Water",999999
201404,24,0,22760,515523,"D","04/24/2014 00:00:00",25,"M","Other",999999
201404,5,0,22763,515636,"D","04/05/2014 00:00:00",24,"F","Vehicle/Towed Trailer",999999
201404,5,0,22764,515636,"D","04/05/2014 00:00:00",5,"M","Vehicle/Towed Trailer",999999
201404,2,0,27327,516081,"D","04/02/2014 00:00:00",,"M","In Water",999999
201404,29,0,22786,516848,"D","04/29/2014 00:00:00",67,"M","Vehicle/Towed Trailer",999999
201406,1,0,22779,516877,"I","06/01/2014 00:00:00",10,"F","Camping",999999
201404,29,0,25226,516957,"D","04/29/2014 00:00:00",67,"F","Vehicle/Towed Trailer",999999
201406,5,0,22789,517173,"D","06/05/2014 00:00:00",72,"M","Vehicle/Towed Trailer",999999
201406,5,0,22790,517176,"D","06/05/2014 00:00:00",6,"M","Vehicle/Towed Trailer",999999
201407,1,0,22918,517404,"I","07/01/2014 00:00:00",44,"M","In Water",999999
201407,1,0,22919,517406,"I","07/01/2014 00:00:00",16,"M","In Water",999999
201407,3,0,22796,517409,"D","07/03/2014 00:00:00",11,"F","In Water",999999
201405,8,0,22798,517769,"D","05/08/2014 00:00:00",1,"F","Vehicle/Towed Trailer",999999
201405,7,0,22802,518612,"D","05/07/2014 00:00:00",20,"M","In Water",999999
201404,14,0,22804,519820,"D","04/14/2014 00:00:00",19,"M","In Water",999999
201405,27,0,22805,519892,"D","05/27/2014 00:00:00",3,"F","In Water",999999
201406,19,0,22806,520066,"D","06/19/2014 00:00:00",56,"M","Under Tree",999999
201405,2,0,22822,520683,"D","05/02/2014 00:00:00",91,"M","In Water",999999
201407,16,0,22824,521230,"D","07/16/2014 00:00:00",39,"M","Heavy Equipment/Construction",999999
201405,2,0,22844,521326,"D","06/02/2014 00:00:00",55,"M","Heavy Equipment/Construction",999999
201406,1,0,27328,521328,"D","06/01/2014 00:00:00",27,"M","In Water",999999
201406,3,0,22826,521419,"D","06/03/2014 00:00:00",62,"M","Outside/Open Areas",999999
201406,8,0,22827,521420,"D","06/08/2014 00:00:00",54,"F","Outside/Open Areas",999999
201406,11,0,22828,521420,"D","06/11/2014 00:00:00",64,"M","Outside/Open Areas",999999
201406,6,0,22829,521421,"D","06/06/2014 00:00:00",54,"M","Outside/Open Areas",999999
201406,18,0,22840,521582,"D","06/18/2014 00:00:00",32,"M","Under Tree",999999
201407,22,0,22841,521910,"D","07/22/2014 00:00:00",41,"M","Outside/Open Areas",999999
201407,22,0,22842,522104,"D","07/22/2014 00:00:00",53,"M","In Water",999999
201405,4,0,22849,522429,"D","05/04/2014 00:00:00",56,"M","Permanent Home",999999
201405,29,0,22850,522678,"D","05/29/2014 00:00:00",17,"M","In Water",999999
201405,29,0,22851,522678,"D","05/29/2014 00:00:00",39,"M","In Water",999999
201407,23,0,22852,522734,"D","07/23/2014 00:00:00",64,"F","Outside/Open Areas",999999
201407,20,0,22854,522769,"D","07/20/2014 00:00:00",16,"M","In Water",999999
201405,28,0,22855,522783,"D","05/28/2014 00:00:00",36,"M","In Water",999999
201405,28,0,22856,522784,"D","05/28/2014 00:00:00",21,"M","In Water",999999
201407,3,0,22858,522787,"D","07/03/2014 00:00:00",34,"M","In Water",999999
201405,31,0,22861,522803,"D","05/31/2014 00:00:00",21,"M","In Water",999999
201405,31,0,22862,522803,"D","05/31/2014 00:00:00",25,"M","In Water",999999
201405,8,0,22863,523010,"I","05/08/2014 00:00:00",19,"F","Vehicle/Towed Trailer",999999
201405,25,0,22864,523159,"D","05/25/2014 00:00:00",40,"M","In Water",999999
201407,26,0,22944,523476,"D","07/26/2014 00:00:00",18,"M","In Water",999999
201407,19,0,22866,523599,"D","07/19/2014 00:00:00",31,"M","In Water",999999
201407,20,0,22867,523600,"D","07/20/2014 00:00:00",37,"M","In Water",999999
201405,10,0,22868,523714,"D","05/10/2014 00:00:00",,"M","In Water",999999
201407,18,0,22869,524189,"D","07/18/2014 00:00:00",25,"M","In Water",999999
201405,25,0,22871,524482,"D","05/25/2014 00:00:00",51,"M","Outside/Open Areas",999999
201405,25,0,22872,524482,"D","05/25/2014 00:00:00",24,"M","Outside/Open Areas",999999
201405,25,0,22873,524482,"D","05/25/2014 00:00:00",46,"M","Outside/Open Areas",999999
201406,5,0,22878,524498,"D","06/05/2014 00:00:00",81,"F","Vehicle/Towed Trailer",999999
201406,5,0,22879,524503,"D","06/05/2014 00:00:00",74,"M","Permanent Home",999999
201407,30,0,22881,524551,"D","07/30/2014 00:00:00",84,"M","Mobile/Trailer Home",999999
201404,28,0,22882,524765,"D","04/28/2014 00:00:00",21,"M","Permanent Home",999999
201406,29,0,22898,524799,"D","06/29/2014 00:00:00",14,"M","In Water",999999
201406,30,0,22903,525286,"D","06/30/2014 00:00:00",57,"M","Permanent Structure",999999
201406,23,0,22889,525914,"D","06/23/2014 00:00:00",6,"F","In Water",999999
201406,23,0,22890,525914,"D","06/23/2014 00:00:00",24,"F","In Water",999999
201407,24,0,22891,526186,"D","07/24/2014 00:00:00",1,"F","Vehicle/Towed Trailer",999999
201407,27,0,22892,526195,"D","07/27/2014 00:00:00",53,"M","Vehicle/Towed Trailer",999999
201408,10,0,22893,526206,"D","08/10/2014 00:00:00",4,"M","In Water",999999
201408,10,0,22894,526206,"D","08/10/2014 00:00:00",,"F","In Water",999999
201406,7,0,22901,526449,"D","06/07/2014 00:00:00",68,"M","In Water",999999
201408,9,0,23058,526593,"D","08/09/2014 00:00:00",36,"F","Outside/Open Areas",999999
201408,9,0,23059,526593,"D","08/09/2014 00:00:00",39,"M","Outside/Open Areas",999999
201406,18,0,22897,527157,"D","06/18/2014 00:00:00",56,"M","Unknown",999999
201406,15,0,22900,527485,"I","06/15/2014 00:00:00",84,"F","Permanent Home",999999
201406,30,0,22905,527561,"D","06/30/2014 00:00:00",17,"M","In Water",999999
201407,20,0,22920,528477,"I","07/20/2014 00:00:00",50,"M","In Water",999999
201406,12,0,22938,528690,"D","06/12/2014 00:00:00",18,"M","Vehicle/Towed Trailer",999999
201411,24,0,24132,545893,"I","11/24/2014 00:00:00",32,"M","Vehicle/Towed Trailer",999999
201412,13,0,24139,546094,"I","12/13/2014 00:00:00",38,"F","Vehicle/Towed Trailer",999999
201411,26,0,24151,546597,"I","11/26/2014 00:00:00",,"","Vehicle/Towed Trailer",999999
201411,18,0,24143,546821,"I","11/18/2014 00:00:00",59,"M","Vehicle/Towed Trailer",999999
201412,24,0,27303,546877,"I","12/24/2014 00:00:00",52,"M","Outside/Open Areas",999999
201412,24,0,27304,546877,"I","12/24/2014 00:00:00",27,"M","Outside/Open Areas",999999
201412,30,0,27299,546941,"D","12/30/2014 00:00:00",79,"F","Vehicle/Towed Trailer",999999
201412,30,0,27297,546944,"D","12/30/2014 00:00:00",29,"M","Permanent Home",999999
201412,6,0,24155,547724,"D","12/06/2014 00:00:00",35,"M","Outside/Open Areas",999999
201403,16,0,24156,547949,"D","03/16/2014 00:00:00",53,"F","Outside/Open Areas",999999
201408,20,0,24157,547999,"D","08/20/2014 00:00:00",18,"M","Vehicle/Towed Trailer",999999
201412,3,0,24162,548026,"I","12/03/2014 00:00:00",91,"F","Outside/Open Areas",999999
201412,20,0,24175,548028,"I","12/20/2014 00:00:00",27,"F","Vehicle/Towed Trailer",999999
201409,7,0,24163,548124,"D","09/07/2014 00:00:00",57,"M","Heavy Equipment/Construction",999999
201411,26,0,24164,548127,"I","11/26/2014 00:00:00",18,"M","Outside/Open Areas",999999
201411,22,0,24173,548251,"I","11/22/2014 00:00:00",62,"F","Vehicle/Towed Trailer",999999
201411,5,0,24174,548339,"D","11/05/2014 00:00:00",51,"M","In Water",999999
201412,12,0,24176,548454,"D","12/12/2014 00:00:00",59,"M","In Water",999999
201410,24,0,24202,549366,"I","10/24/2014 00:00:00",51,"M","Vehicle/Towed Trailer",999999
201411,24,0,27488,549591,"I","11/24/2014 00:00:00",14,"M","Vehicle/Towed Trailer",999999
201411,24,0,27489,549591,"I","11/24/2014 00:00:00",12,"M","Vehicle/Towed Trailer",999999
201411,24,0,27490,549591,"I","11/24/2014 00:00:00",11,"F","Vehicle/Towed Trailer",999999
201411,20,0,24205,549708,"D","11/20/2014 00:00:00",46,"M","Outside/Open Areas",999999
201412,20,0,24208,549926,"I","12/20/2014 00:00:00",47,"M","Vehicle/Towed Trailer",999999
201411,13,0,24213,550108,"I","11/13/2014 00:00:00",27,"M","Vehicle/Towed Trailer",999999
201411,13,0,24214,550110,"I","11/13/2014 00:00:00",25,"M","Vehicle/Towed Trailer",999999
201411,13,0,24215,550110,"I","11/13/2014 00:00:00",27,"F","Vehicle/Towed Trailer",999999
201412,16,0,24216,550152,"I","12/16/2014 00:00:00",87,"M","Outside/Open Areas",999999
201411,19,0,24239,550166,"I","11/19/2014 00:00:00",77,"M","Other",999999
201411,18,0,24240,550166,"I","11/18/2014 00:00:00",82,"M","Outside/Open Areas",999999
201411,19,0,24241,550166,"I","11/19/2014 00:00:00",60,"M","Outside/Open Areas",999999
201411,19,0,24243,550166,"I","11/19/2014 00:00:00",56,"M","Outside/Open Areas",999999
201411,18,0,24245,550166,"I","11/18/2014 00:00:00",30,"M","Outside/Open Areas",999999
201411,18,0,24242,550166,"I","11/18/2014 00:00:00",59,"F","Permanent Home",999999
201411,19,0,24244,550166,"I","11/19/2014 00:00:00",82,"M","Permanent Home",999999
201411,19,0,24238,550166,"I","11/19/2014 00:00:00",46,"M","Vehicle/Towed Trailer",999999
201411,19,0,24225,550167,"I","11/19/2014 00:00:00",56,"M","Outside/Open Areas",999999
201411,21,0,24236,550174,"I","11/21/2014 00:00:00",68,"M","Permanent Home",999999
201411,20,0,24235,550174,"I","11/20/2014 00:00:00",92,"F","Permanent Structure",999999
201411,21,0,24234,550174,"I","11/21/2014 00:00:00",51,"M","Vehicle/Towed Trailer",999999
201411,20,0,24237,550177,"D","11/20/2014 00:00:00",57,"M","Outside/Open Areas",999999
201412,3,0,24246,550197,"D","12/03/2014 00:00:00",99,"F","Permanent Home",999999
201411,22,0,24248,550201,"I","11/22/2014 00:00:00",,"F","Vehicle/Towed Trailer",999999
201411,22,0,24249,550201,"I","11/22/2014 00:00:00",,"F","Vehicle/Towed Trailer",999999
201411,22,0,24250,550201,"I","11/22/2014 00:00:00",,"M","Vehicle/Towed Trailer",999999
201412,31,0,25217,551124,"D","12/31/2014 00:00:00",39,"M","Outside/Open Areas",999999
201412,30,0,25222,551757,"D","12/30/2014 00:00:00",91,"M","Permanent Home",999999
201412,1,0,25228,552151,"D","12/01/2014 00:00:00",51,"M","Other",999999
201412,1,0,25229,552151,"D","12/01/2014 00:00:00",,"","Other",999999
201412,23,0,27265,552175,"D","12/23/2014 00:00:00",33,"F","Business",999999
201412,23,0,27266,552175,"D","12/23/2014 00:00:00",71,"F","Mobile/Trailer Home",999999
201412,27,0,27267,552175,"D","12/27/2014 00:00:00",71,"M","Vehicle/Towed Trailer",999999
201412,17,0,25232,552186,"D","12/17/2014 00:00:00",23,"M","Vehicle/Towed Trailer",999999
201412,25,0,25235,552229,"D","12/25/2014 00:00:00",38,"F","Vehicle/Towed Trailer",999999
201412,25,0,25236,552229,"D","12/25/2014 00:00:00",14,"F","Vehicle/Towed Trailer",999999
201412,23,0,27270,552705,"D","12/23/2014 00:00:00",45,"M","Mobile/Trailer Home",999999
201412,23,0,27271,552705,"D","12/23/2014 00:00:00",40,"F","Mobile/Trailer Home",999999
201412,11,0,26262,553043,"D","12/11/2014 00:00:00",11,"M","Vehicle/Towed Trailer",999999
201412,11,0,26265,553167,"I","12/11/2014 00:00:00",14,"M","Outside/Open Areas",999999
201412,30,0,27256,553293,"D","12/30/2014 00:00:00",39,"M","In Water",999999
201412,30,0,27257,553293,"I","12/30/2014 00:00:00",53,"M","In Water",999999
201412,23,0,27263,553363,"D","12/23/2014 00:00:00",40,"M","Other",999999
201412,23,0,27264,553363,"D","12/23/2014 00:00:00",66,"M","Other",999999
201412,31,0,27300,553908,"D","12/31/2014 00:00:00",29,"F","Unknown",999999
201412,1,0,27293,553951,"D","12/01/2014 00:00:00",23,"M","In Water",999999
201412,5,0,27505,553953,"D","12/05/2014 00:00:00",38,"M","In Water",999999
201412,21,0,27296,553954,"D","12/21/2014 00:00:00",24,"M","In Water",999999
201412,3,0,27548,563939,"D","12/03/2014 00:00:00",64,"F","Vehicle/Towed Trailer",999999
201412,5,0,27550,563956,"D","12/05/2014 00:00:00",91,"M","Outside/Open Areas",999999
201401,7,0,28781,577899,"D","01/07/2014 00:00:00",24,"M","Outside/Open Areas",999999
201405,27,0,29099,592624,"D","05/27/2014 00:00:00",52,"F","Under Tree",999999
201401,22,0,21648,498177,"D","01/22/2014 00:00:00",60,"M","Vehicle/Towed Trailer",999999
201401,28,0,21649,498185,"D","01/28/2014 00:00:00",37,"F","Vehicle/Towed Trailer",999999
201401,28,0,21650,498186,"D","01/28/2014 00:00:00",68,"F","Vehicle/Towed Trailer",999999
201401,24,0,21652,498267,"D","01/24/2014 00:00:00",47,"M","In Water",999999
201401,10,0,21657,498332,"D","01/10/2014 00:00:00",83,"F","Outside/Open Areas",999999
201403,30,0,21663,498424,"I","03/30/2014 00:00:00",52,"F","Vehicle/Towed Trailer",999999
201401,20,0,21664,498435,"D","01/20/2014 00:00:00",84,"M","In Water",999999
201401,16,0,21668,498453,"I","01/16/2014 00:00:00",,"","Vehicle/Towed Trailer",999999
201401,16,0,21669,498453,"I","01/16/2014 00:00:00",,"","Vehicle/Towed Trailer",999999
201401,16,0,21670,498453,"I","01/16/2014 00:00:00",,"","Vehicle/Towed Trailer",999999
201403,5,0,21672,498596,"I","03/05/2014 00:00:00",17,"M","Outside/Open Areas",999999
201402,21,0,21680,498758,"D","02/21/2014 00:00:00",39,"M","Vehicle/Towed Trailer",999999
201402,21,0,21681,498758,"D","02/21/2014 00:00:00",29,"F","Vehicle/Towed Trailer",999999
201402,21,0,21682,498758,"D","02/21/2014 00:00:00",2,"M","Vehicle/Towed Trailer",999999
201402,21,0,21678,499057,"I","02/21/2014 00:00:00",21,"F","Vehicle/Towed Trailer",999999
201402,21,0,21679,499057,"I","02/21/2014 00:00:00",21,"F","Vehicle/Towed Trailer",999999
201402,19,0,21686,499225,"I","02/19/2014 00:00:00",50,"M","Vehicle/Towed Trailer",999999
201402,19,0,21687,499225,"I","02/19/2014 00:00:00",,"M","Vehicle/Towed Trailer",999999
201402,14,0,21690,499421,"I","02/14/2014 00:00:00",49,"M","Outside/Open Areas",999999
201403,22,0,22579,499440,"D","03/22/2014 00:00:00",,"M","Outside/Open Areas",999999
201401,18,0,21698,499535,"I","01/18/2014 00:00:00",42,"M","Vehicle/Towed Trailer",999999
201402,21,0,21699,499666,"I","02/21/2014 00:00:00",58,"F","Vehicle/Towed Trailer",999999
201402,13,0,21702,500002,"D","02/13/2014 00:00:00",19,"M","Outside/Open Areas",999999
201404,3,0,22298,500101,"I","04/03/2014 00:00:00",2,"M","Permanent Home",999999
201404,3,0,22299,500101,"I","04/03/2014 00:00:00",3,"M","Permanent Home",999999
201402,6,0,21708,500358,"I","02/06/2014 00:00:00",,"F","Outside/Open Areas",999999
201401,28,0,21729,500996,"I","01/28/2014 00:00:00",29,"M","Vehicle/Towed Trailer",999999
201401,28,0,21730,500996,"I","01/28/2014 00:00:00",2,"F","Vehicle/Towed Trailer",999999
201401,2,0,21732,501003,"I","02/02/2014 00:00:00",24,"F","Vehicle/Towed Trailer",999999
201401,30,0,21716,501022,"I","01/30/2014 00:00:00",72,"M","Vehicle/Towed Trailer",999999
201401,30,0,21736,501329,"I","01/30/2014 00:00:00",97,"M","Outside/Open Areas",999999
201402,12,0,21737,501354,"I","02/12/2014 00:00:00",55,"M","Vehicle/Towed Trailer",999999
201404,16,0,21725,501402,"I","04/16/2014 00:00:00",65,"F","Vehicle/Towed Trailer",999999
201404,7,0,21738,501752,"D","04/07/2014 00:00:00",3,"M","In Water",999999
201402,12,0,21739,501815,"I","02/12/2014 00:00:00",50,"M","Outside/Open Areas",999999
201402,23,0,21772,501932,"D","02/23/2014 00:00:00",,"F","Vehicle/Towed Trailer",999999
201402,11,0,21757,502085,"D","02/11/2014 00:00:00",52,"M","Outside/Open Areas",999999
201404,20,0,22759,502258,"D","04/20/2014 00:00:00",58,"M","Other",999999
201402,11,0,22823,502275,"D","02/11/2014 00:00:00",72,"M","Outside/Open Areas",999999
201402,11,0,21756,502279,"D","02/11/2014 00:00:00",92,"F","Permanent Home",999999
201402,10,0,21778,502429,"I","02/10/2014 00:00:00",40,"M","Outside/Open Areas",999999
201402,10,0,21777,502431,"I","02/10/2014 00:00:00",16,"F","Vehicle/Towed Trailer",999999
201402,11,0,21779,502440,"I","02/11/2014 00:00:00",56,"M","Vehicle/Towed Trailer",999999
201402,7,0,21780,502441,"I","02/07/2014 00:00:00",16,"F","Vehicle/Towed Trailer",999999
201402,4,0,21766,502577,"I","02/04/2014 00:00:00",58,"M","Vehicle/Towed Trailer",999999
201402,8,0,21767,502602,"D","02/08/2014 00:00:00",21,"F","Outside/Open Areas",999999
201402,9,0,21768,502604,"D","02/09/2014 00:00:00",36,"M","Outside/Open Areas",999999
201402,5,0,21781,502744,"I","02/05/2014 00:00:00",52,"M","Vehicle/Towed Trailer",999999
201402,5,0,21782,502744,"I","02/05/2014 00:00:00",58,"F","Vehicle/Towed Trailer",999999
201402,15,0,21775,502960,"D","02/15/2014 00:00:00",32,"M","Outside/Open Areas",999999
201402,15,0,21776,502960,"D","02/15/2014 00:00:00",34,"M","Outside/Open Areas",999999
201402,3,0,21771,502964,"D","02/03/2014 00:00:00",74,"F","Vehicle/Towed Trailer",999999
201402,16,0,21773,503021,"D","02/16/2014 00:00:00",64,"M","Outside/Open Areas",999999
201402,13,0,22884,503725,"I","02/13/2014 00:00:00",25,"M","Mobile/Trailer Home",999999
201402,13,0,22886,503735,"I","02/13/2014 00:00:00",24,"F","Vehicle/Towed Trailer",999999
201402,11,0,21798,504072,"I","02/11/2014 00:00:00",52,"M","Vehicle/Towed Trailer",999999
201402,11,0,21799,504072,"I","02/11/2014 00:00:00",45,"M","Vehicle/Towed Trailer",999999
201402,11,0,21800,504072,"I","02/11/2014 00:00:00",43,"M","Vehicle/Towed Trailer",999999
201402,10,0,21808,504137,"D","02/10/2014 00:00:00",46,"M","Outside/Open Areas",999999
201404,27,0,21796,504262,"D","04/27/2014 00:00:00",40,"F","Outside/Open Areas",999999
201404,27,0,21797,504262,"D","04/27/2014 00:00:00",50,"F","Outside/Open Areas",999999
201402,7,0,21802,504382,"D","02/07/2014 00:00:00",67,"M","Outside/Open Areas",999999
201403,30,0,21804,504726,"D","03/30/2014 00:00:00",18,"M","In Water",999999
201404,27,0,22705,504758,"D","04/27/2014 00:00:00",48,"M","Permanent Home",999999
201404,27,0,22706,504758,"D","04/27/2014 00:00:00",20,"F","Permanent Home",999999
201404,27,0,22707,504758,"D","04/27/2014 00:00:00",14,"F","Permanent Home",999999
201404,27,0,22723,504760,"D","04/27/2014 00:00:00",1,"F","Mobile/Trailer Home",999999
201404,27,0,22720,504760,"D","04/27/2014 00:00:00",72,"F","Permanent Home",999999
201404,27,0,22721,504760,"D","04/27/2014 00:00:00",51,"M","Permanent Home",999999
201404,27,0,22722,504760,"D","04/27/2014 00:00:00",82,"M","Permanent Home",999999
201404,27,0,22724,504760,"D","04/27/2014 00:00:00",9,"M","Permanent Home",999999
201404,27,0,22725,504760,"D","04/27/2014 00:00:00",7,"M","Permanent Home",999999
201404,27,0,22727,504760,"D","04/27/2014 00:00:00",52,"M","Permanent Home",999999
201404,27,0,22728,504760,"D","04/27/2014 00:00:00",53,"F","Permanent Home",999999
201404,27,0,22729,504760,"D","04/27/2014 00:00:00",57,"M","Permanent Home",999999
201404,27,0,22730,504760,"D","04/27/2014 00:00:00",31,"M","Permanent Home",999999
201404,27,0,22731,504760,"D","04/27/2014 00:00:00",22,"M","Permanent Home",999999
201404,27,0,22726,504760,"D","04/27/2014 00:00:00",50,"F","Vehicle/Towed Trailer",999999
201404,27,0,22315,504762,"D","04/27/2014 00:00:00",55,"F","Mobile/Trailer Home",999999
201402,20,0,21819,504826,"D","02/20/2014 00:00:00",,"","Unknown",999999
201404,29,0,22220,504842,"D","04/29/2014 00:00:00",73,"M","Vehicle/Towed Trailer",999999
201402,22,0,21812,504844,"D","02/22/2014 00:00:00",49,"M","Outside/Open Areas",999999
201402,22,0,21814,504848,"I","02/22/2014 00:00:00",23,"F","Vehicle/Towed Trailer",999999
201402,22,0,21815,504848,"I","02/22/2014 00:00:00",9,"F","Vehicle/Towed Trailer",999999
201402,11,0,21816,504848,"I","03/11/2014 00:00:00",47,"F","Vehicle/Towed Trailer",999999
201402,3,0,21891,505074,"D","03/03/2014 00:00:00",68,"F","Permanent Home",999999
201404,27,0,22821,505204,"D","04/27/2014 00:00:00",68,"M","Vehicle/Towed Trailer",999999
201404,28,0,21889,505228,"D","04/28/2014 00:00:00",60,"M","Mobile/Trailer Home",999999
201404,28,0,21890,505228,"D","04/28/2014 00:00:00",44,"F","Mobile/Trailer Home",999999
201404,28,0,21861,505288,"D","04/28/2014 00:00:00",60,"F","Mobile/Trailer Home",999999
201404,28,0,21862,505288,"D","04/28/2014 00:00:00",34,"M","Mobile/Trailer Home",999999
201401,9,0,21922,505469,"D","01/09/2014 00:00:00",57,"F","Outside/Open Areas",999999
201401,13,0,21921,505470,"D","01/13/2014 00:00:00",56,"M","Outside/Open Areas",999999
201401,6,0,21149,482017,"D","01/06/2014 00:00:00",,"F","Vehicle/Towed Trailer",999999
201401,6,0,21309,482129,"D","01/06/2014 00:00:00",45,"F","Outside/Open Areas",999999
201401,7,0,21653,482265,"D","01/07/2014 00:00:00",32,"F","Outside/Open Areas",999999
201401,8,0,21651,482300,"D","01/08/2014 00:00:00",76,"F","Outside/Open Areas",999999
201401,6,0,21186,482572,"I","01/06/2014 00:00:00",2,"M","Vehicle/Towed Trailer",999999
201401,8,0,21209,482647,"I","01/08/2014 00:00:00",45,"M","Vehicle/Towed Trailer",999999
201401,8,0,21208,482651,"I","01/08/2014 00:00:00",80,"M","Vehicle/Towed Trailer",999999
201401,8,0,21207,482663,"I","01/08/2014 00:00:00",58,"M","Vehicle/Towed Trailer",999999
201401,11,0,21237,483388,"D","01/11/2014 00:00:00",50,"F","Under Tree",999999
201401,21,0,21589,485013,"D","01/21/2014 00:00:00",79,"M","Outside/Open Areas",999999
201401,22,0,21293,485861,"I","01/22/2014 00:00:00",20,"M","Outside/Open Areas",999999
201401,7,0,21300,486179,"D","01/07/2014 00:00:00",51,"F","Outside/Open Areas",999999
201401,7,0,21301,486191,"D","01/07/2014 00:00:00",74,"F","Vehicle/Towed Trailer",999999
201401,26,0,21662,486318,"D","01/26/2014 00:00:00",55,"M","Outside/Open Areas",999999
201402,2,0,21307,486385,"I","02/02/2014 00:00:00",24,"M","Vehicle/Towed Trailer",999999
201401,5,0,21302,486426,"D","01/05/2014 00:00:00",19,"F","Vehicle/Towed Trailer",999999
201402,4,0,21305,486644,"I","02/04/2014 00:00:00",46,"M","Outside/Open Areas",999999
201402,2,0,21310,486894,"I","02/02/2014 00:00:00",89,"M","Vehicle/Towed Trailer",999999
201401,31,0,21311,487031,"I","01/31/2014 00:00:00",24,"F","Vehicle/Towed Trailer",999999
201402,4,0,21566,487075,"I","02/04/2014 00:00:00",36,"M","Vehicle/Towed Trailer",999999
201402,11,0,21567,487080,"I","02/11/2014 00:00:00",4,"F","Vehicle/Towed Trailer",999999
201402,7,0,21569,487123,"I","02/07/2014 00:00:00",3,"M","Vehicle/Towed Trailer",999999
201401,26,0,21324,487578,"I","01/26/2014 00:00:00",53,"M","Vehicle/Towed Trailer",999999
201402,4,0,21546,487709,"I","02/04/2014 00:00:00",70,"M","Vehicle/Towed Trailer",999999
201402,11,0,21329,488081,"D","02/11/2014 00:00:00",,"","Outside/Open Areas",999999
201402,11,0,21330,488081,"D","02/11/2014 00:00:00",,"","Outside/Open Areas",999999
201401,7,0,21655,488835,"D","01/07/2014 00:00:00",46,"M","Permanent Structure",999999
201401,6,0,21683,488868,"D","01/06/2014 00:00:00",85,"M","Outside/Open Areas",999999
201401,22,0,21418,489054,"I","01/22/2014 00:00:00",55,"M","Golfing",999999
201401,24,0,21592,489110,"I","01/24/2014 00:00:00",,"M","Vehicle/Towed Trailer",999999
201402,18,0,21419,489125,"D","02/18/2014 00:00:00",26,"M","Outside/Open Areas",999999
201402,20,0,21674,489474,"D","02/20/2014 00:00:00",54,"M","Outside/Open Areas",999999
201401,24,0,21575,490116,"I","01/24/2014 00:00:00",,"F","Vehicle/Towed Trailer",999999
201401,2,0,21460,490307,"D","01/02/2014 00:00:00",,"","Other",999999
201401,5,0,21461,490492,"I","01/05/2014 00:00:00",71,"M","Outside/Open Areas",999999
201401,2,0,21462,490555,"D","01/02/2014 00:00:00",,"","Other",999999
201401,6,0,21464,490586,"D","01/06/2014 00:00:00",64,"M","Outside/Open Areas",999999
201401,26,0,21465,490649,"D","01/26/2014 00:00:00",19,"M","Unknown",999999
201401,3,0,21466,490650,"I","02/03/2014 00:00:00",48,"M","Vehicle/Towed Trailer",999999
201402,20,0,21499,491761,"D","02/20/2014 00:00:00",,"","Mobile/Trailer Home",999999
201402,20,0,21500,491761,"D","02/20/2014 00:00:00",,"","Mobile/Trailer Home",999999
201401,3,0,21517,492039,"D","01/03/2014 00:00:00",66,"M","Outside/Open Areas",999999
201401,3,0,21518,492057,"D","01/03/2014 00:00:00",61,"F","Outside/Open Areas",999999
201401,1,0,21519,492378,"D","01/01/2014 00:00:00",40,"M","Outside/Open Areas",999999
201401,21,0,21521,492453,"D","01/21/2014 00:00:00",51,"M","Outside/Open Areas",999999
201403,4,0,21522,492479,"I","03/04/2014 00:00:00",20,"F","Vehicle/Towed Trailer",999999
201403,2,0,21568,492760,"I","03/02/2014 00:00:00",46,"M","Vehicle/Towed Trailer",999999
201401,28,0,21548,492819,"D","01/28/2014 00:00:00",87,"F","Outside/Open Areas",999999
201401,27,0,21549,492820,"D","01/27/2014 00:00:00",61,"M","Outside/Open Areas",999999
201402,6,0,21550,492999,"D","02/06/2014 00:00:00",94,"F","Permanent Structure",999999
201401,10,0,21644,493037,"I","01/10/2014 00:00:00",76,"F","Outside/Open Areas",999999
201401,10,0,21643,493039,"I","01/10/2014 00:00:00",29,"F","Vehicle/Towed Trailer",999999
201402,6,0,21673,493262,"I","02/06/2014 00:00:00",43,"F","Vehicle/Towed Trailer",999999
201401,2,0,21631,493353,"D","01/02/2014 00:00:00",41,"M","Outside/Open Areas",999999
201401,2,0,21658,493476,"D","01/02/2014 00:00:00",79,"M","Outside/Open Areas",999999
201402,21,0,21785,494024,"D","02/21/2014 00:00:00",86,"M","Vehicle/Towed Trailer",999999
201401,6,0,21691,494365,"D","01/06/2014 00:00:00",19,"M","In Water",999999
201401,9,0,21692,494365,"D","01/09/2014 00:00:00",43,"M","In Water",999999
201401,10,0,21693,494365,"D","01/10/2014 00:00:00",47,"M","In Water",999999
201403,11,0,21749,494406,"I","03/11/2014 00:00:00",67,"M","Outside/Open Areas",999999
201401,28,0,21610,494474,"I","01/28/2014 00:00:00",18,"F","Vehicle/Towed Trailer",999999
201401,10,0,21660,494715,"D","01/10/2014 00:00:00",90,"M","Outside/Open Areas",999999
201401,10,0,21659,494715,"D","01/10/2014 00:00:00",56,"F","Vehicle/Towed Trailer",999999
201401,2,0,21634,494841,"I","01/02/2014 00:00:00",51,"M","Long Span Roof",999999
201401,3,0,21635,494841,"I","01/03/2014 00:00:00",83,"M","Outside/Open Areas",999999
201401,3,0,21636,494841,"I","01/03/2014 00:00:00",70,"F","Outside/Open Areas",999999
201402,2,0,21688,494980,"I","02/02/2014 00:00:00",9,"M","In Water",999999
201402,2,0,21689,494980,"I","02/02/2014 00:00:00",5,"F","In Water",999999
201403,13,0,21591,495060,"D","03/13/2014 00:00:00",64,"M","In Water",999999
201401,3,0,21607,495260,"I","01/03/2014 00:00:00",,"F","Vehicle/Towed Trailer",999999
201401,3,0,21608,495260,"I","01/03/2014 00:00:00",,"F","Vehicle/Towed Trailer",999999
201402,20,0,21700,495395,"I","02/20/2014 00:00:00",60,"M","Vehicle/Towed Trailer",999999
201401,7,0,21897,495489,"D","01/07/2014 00:00:00",49,"M","Outside/Open Areas",999999
201401,7,0,21898,495489,"D","01/07/2014 00:00:00",66,"F","Permanent Home",999999
201401,6,0,21899,495489,"D","01/06/2014 00:00:00",80,"M","Permanent Home",999999
201401,7,0,21900,495489,"D","01/07/2014 00:00:00",55,"M","Permanent Home",999999
201401,26,0,21611,495828,"I","01/26/2014 00:00:00",,"","Vehicle/Towed Trailer",999999
201401,28,0,21907,495852,"D","01/28/2014 00:00:00",86,"F","Permanent Home",999999
201403,18,0,21803,496353,"I","03/18/2014 00:00:00",57,"M","Vehicle/Towed Trailer",999999
201401,28,0,21627,496406,"I","01/28/2014 00:00:00",,"F","Vehicle/Towed Trailer",999999
201401,28,0,21628,496442,"I","01/28/2014 00:00:00",,"F","Vehicle/Towed Trailer",999999
201401,28,0,21630,496443,"I","01/28/2014 00:00:00",,"F","Vehicle/Towed Trailer",999999
201401,28,0,21629,496444,"I","01/28/2014 00:00:00",,"F","Vehicle/Towed Trailer",999999
201401,30,0,21733,496864,"I","01/30/2014 00:00:00",87,"M","Vehicle/Towed Trailer",999999
201401,30,0,21734,496864,"I","01/30/2014 00:00:00",43,"M","Vehicle/Towed Trailer",999999
201401,23,0,21641,496868,"I","01/23/2014 00:00:00",87,"M","Outside/Open Areas",999999
201401,29,0,21735,496875,"D","01/29/2014 00:00:00",71,"M","Outside/Open Areas",999999
201401,28,0,21731,496882,"I","01/28/2014 00:00:00",64,"F","Vehicle/Towed Trailer",999999
201402,4,0,21788,496963,"I","02/04/2014 00:00:00",,"F","Mobile/Trailer Home",999999
201401,22,0,21638,497015,"I","01/22/2014 00:00:00",67,"M","Outside/Open Areas",999999
201401,22,0,21639,497015,"I","01/22/2014 00:00:00",92,"M","Outside/Open Areas",999999
201401,22,0,21640,497015,"I","01/22/2014 00:00:00",89,"F","Outside/Open Areas",999999
201401,23,0,21637,497018,"D","01/23/2014 00:00:00",30,"M","Outside/Open Areas",999999
201401,31,0,21645,497587,"I","01/31/2014 00:00:00",,"","Outside/Open Areas",999999
201407,8,0,29697,520552,"D","07/08/2014 00:00:00",35,"F","Mobile/Trailer Home",201407
201407,8,0,29698,520552,"D","07/08/2014 00:00:00",70,"F","Mobile/Trailer Home",201407
201407,8,0,29700,520552,"D","07/08/2014 00:00:00",0,"F","Mobile/Trailer Home",201407
201407,8,0,29699,520552,"D","07/08/2014 00:00:00",53,"M","Permanent Home",201407
201410,25,0,29792,541265,"D","10/25/2014 00:00:00",19,"M","Vehicle/Towed Trailer",201410
201410,25,0,29793,541265,"D","10/25/2014 00:00:00",19,"F","Vehicle/Towed Trailer",201410
